{
  "episodes": 50,
  "random": {
    "mean_reward": 0.679304,
    "std_reward": 0.306274311461514,
    "mean_friday_energy_pct": 62.28,
    "reward_per_episode": [
      0.3101,
      0.09049999999999997,
      0.9514,
      1.0524,
      0.5485,
      0.2426,
      0.9668,
      0.7674,
      0.5568,
      1.0175,
      0.8698999999999999,
      0.751,
      0.8302,
      0.9417,
      0.4302,
      0.4002,
      0.6793,
      0.5906999999999999,
      0.9713,
      0.9923,
      0.9293,
      1.1413,
      -0.0766,
      0.9464999999999999,
      0.5065,
      0.10449999999999998,
      0.7309,
      1.0755,
      1.0225,
      0.41700000000000004,
      0.9464999999999999,
      1.0755000000000001,
      0.7798,
      0.5012,
      0.5181,
      0.9295,
      0.5623,
      0.5077,
      0.6083,
      1.0794,
      0.1325,
      0.7322000000000001,
      0.6669,
      0.7255,
      0.9293,
      0.6389,
      0.4071,
      0.8984,
      0.2025,
      0.3654
    ],
    "friday_energy_per_episode": [
      21,
      19,
      100,
      92,
      48,
      0,
      87,
      78,
      52,
      100,
      70,
      53,
      80,
      72,
      40,
      39,
      40,
      42,
      95,
      100,
      89,
      100,
      0,
      100,
      42,
      23,
      70,
      100,
      92,
      39,
      100,
      100,
      74,
      44,
      24,
      88,
      47,
      75,
      39,
      100,
      25,
      77,
      64,
      72,
      89,
      37,
      40,
      70,
      38,
      28
    ],
    "mean_day_energy": {
      "Monday": 0.8188,
      "Tuesday": 0.7758,
      "Wednesday": 0.67,
      "Thursday": 0.6228,
      "Friday": 0.6228
    },
    "component_means": {
      "boundary_setting": 0.283,
      "communication_quality": 0.3594285714285714,
      "energy_to_friday": 0.6228,
      "relationship_preservation": 0.830112,
      "technical_resolution": 0.56
    },
    "action_counts": {
      "escalate_infra": 21,
      "rush_tonight": 16,
      "cc_manager": 18,
      "cancel_leave": 16,
      "yes_people_pleaser": 15,
      "async_boundary": 27,
      "delegate_teammate": 22,
      "delegate_oncall": 17,
      "ask_extension": 15,
      "wait_hope": 19,
      "attend_sacrifice": 18,
      "acknowledge_timeline": 32,
      "block_wednesday": 19,
      "ping_sundar": 15,
      "ignore_slack": 23,
      "no_clearly_kindly": 35,
      "fix_directly": 12,
      "decline_async": 10
    }
  },
  "greedy": {
    "mean_reward": 0.94586,
    "std_reward": 0.010945803407922977,
    "mean_friday_energy_pct": 81.08,
    "reward_per_episode": [
      0.9357,
      0.9397,
      0.9537,
      0.9537,
      0.9537,
      0.9537,
      0.9537,
      0.9277,
      0.9417,
      0.9537000000000001,
      0.9277,
      0.9537,
      0.9537000000000001,
      0.9537,
      0.9357,
      0.9537,
      0.9537,
      0.9277,
      0.9537,
      0.9357,
      0.9277,
      0.9277,
      0.9537,
      0.9537,
      0.9277,
      0.9537,
      0.9477,
      0.9537,
      0.9537,
      0.9277,
      0.9537,
      0.9537,
      0.9537,
      0.9537,
      0.9477,
      0.9537,
      0.9537,
      0.9537,
      0.9277,
      0.9337,
      0.9537,
      0.9537,
      0.9277,
      0.9277,
      0.9537,
      0.9537,
      0.9337,
      0.9537,
      0.9537,
      0.9537
    ],
    "friday_energy_per_episode": [
      76,
      78,
      85,
      85,
      85,
      85,
      85,
      72,
      79,
      85,
      72,
      85,
      85,
      85,
      76,
      85,
      85,
      72,
      85,
      76,
      72,
      72,
      85,
      85,
      72,
      85,
      82,
      85,
      85,
      72,
      85,
      85,
      85,
      85,
      82,
      85,
      85,
      85,
      72,
      75,
      85,
      85,
      72,
      72,
      85,
      85,
      75,
      85,
      85,
      85
    ],
    "mean_day_energy": {
      "Monday": 0.79,
      "Tuesday": 0.7774,
      "Wednesday": 0.8148,
      "Thursday": 0.8108,
      "Friday": 0.8108
    },
    "component_means": {
      "boundary_setting": 0.35,
      "communication_quality": 0.35,
      "energy_to_friday": 0.8108000000000001,
      "relationship_preservation": 0.8584,
      "technical_resolution": 1.0
    },
    "action_counts": {
      "fix_directly": 50,
      "acknowledge_timeline": 50,
      "ping_sundar": 50,
      "block_wednesday": 50,
      "decline_async": 50,
      "yes_people_pleaser": 50,
      "async_boundary": 50
    }
  },
  "trained_proxy": {
    "mean_reward": 1.4809999999999999,
    "std_reward": 1.3457935360146644e-16,
    "mean_friday_energy_pct": 100,
    "reward_per_episode": [
      1.481,
      1.481,
      1.4809999999999999,
      1.4809999999999999,
      1.481,
      1.4809999999999999,
      1.481,
      1.4809999999999999,
      1.4809999999999999,
      1.4809999999999999,
      1.481,
      1.481,
      1.4809999999999999,
      1.4809999999999999,
      1.4809999999999999,
      1.4809999999999999,
      1.4809999999999999,
      1.481,
      1.4809999999999999,
      1.481,
      1.4809999999999999,
      1.481,
      1.481,
      1.4809999999999999,
      1.481,
      1.481,
      1.481,
      1.481,
      1.4809999999999999,
      1.4809999999999999,
      1.4809999999999999,
      1.481,
      1.4809999999999999,
      1.4809999999999999,
      1.4809999999999999,
      1.481,
      1.4809999999999999,
      1.4809999999999999,
      1.4809999999999999,
      1.4809999999999999,
      1.481,
      1.4809999999999999,
      1.4809999999999999,
      1.4809999999999999,
      1.4809999999999999,
      1.4809999999999999,
      1.4809999999999999,
      1.481,
      1.4809999999999999,
      1.4809999999999999
    ],
    "friday_energy_per_episode": [
      100,
      100,
      100,
      100,
      100,
      100,
      100,
      100,
      100,
      100,
      100,
      100,
      100,
      100,
      100,
      100,
      100,
      100,
      100,
      100,
      100,
      100,
      100,
      100,
      100,
      100,
      100,
      100,
      100,
      100,
      100,
      100,
      100,
      100,
      100,
      100,
      100,
      100,
      100,
      100,
      100,
      100,
      100,
      100,
      100,
      100,
      100,
      100,
      100,
      100
    ],
    "mean_day_energy": {
      "Monday": 0.79,
      "Tuesday": 0.9354,
      "Wednesday": 0.9994,
      "Thursday": 1.0,
      "Friday": 1.0
    },
    "component_means": {
      "boundary_setting": 0.75,
      "communication_quality": 0.4928571428571429,
      "energy_to_friday": 1.0,
      "relationship_preservation": 0.8500000000000001,
      "technical_resolution": 1.0
    },
    "action_counts": {
      "fix_directly": 50,
      "no_clearly_kindly": 50,
      "block_wednesday": 50,
      "decline_async": 50,
      "ping_sundar": 50,
      "acknowledge_timeline": 50,
      "async_boundary": 50
    }
  },
  "note": "All values are computed from rollout logs (no template values)."
}