{
  "episodes": 50,
  "random": {
    "mean_reward": 1.92404,
    "std_reward": 0.6295417821798678,
    "mean_friday_energy_pct": 66.44,
    "reward_per_episode": [
      2.276,
      2.444,
      1.738,
      1.731,
      1.472,
      2.233,
      1.738,
      1.199,
      1.889,
      2.652,
      0.231,
      2.331,
      1.933,
      1.9329999999999998,
      2.222,
      1.9369999999999998,
      1.9489999999999998,
      2.6319999999999997,
      2.6799999999999997,
      2.211,
      1.876,
      1.412,
      2.674,
      2.234,
      1.972,
      0.9680000000000001,
      1.186,
      -0.368,
      1.0090000000000001,
      1.9469999999999998,
      2.206,
      1.8450000000000002,
      2.648,
      2.4490000000000003,
      1.982,
      2.3810000000000002,
      2.534,
      2.428,
      2.3939999999999997,
      1.984,
      1.967,
      2.75,
      2.478,
      2.331,
      1.8860000000000001,
      1.4369999999999998,
      1.963,
      1.8840000000000001,
      0.778,
      1.536
    ],
    "friday_energy_per_episode": [
      63,
      64,
      40,
      41,
      42,
      100,
      40,
      35,
      71,
      100,
      43,
      100,
      79,
      61,
      88,
      85,
      54,
      100,
      100,
      70,
      70,
      43,
      100,
      73,
      52,
      21,
      34,
      29,
      24,
      41,
      93,
      54,
      83,
      100,
      61,
      95,
      70,
      83,
      100,
      34,
      85,
      100,
      70,
      100,
      72,
      46,
      87,
      74,
      19,
      33
    ],
    "mean_day_energy": {
      "Monday": 0.8152,
      "Tuesday": 0.7564,
      "Wednesday": 0.741,
      "Thursday": 0.6644,
      "Friday": 0.6644
    },
    "component_means": {
      "boundary_setting": 0.54,
      "communication_quality": 0.35557142857142854,
      "energy_to_friday": 0.703,
      "relationship_preservation": 0.831424,
      "technical_resolution": 0.69
    },
    "action_counts": {
      "fix_directly": 21,
      "rush_tonight": 23,
      "cc_manager": 18,
      "ping_sundar": 21,
      "yes_people_pleaser": 15,
      "async_boundary": 34,
      "decline_async": 23,
      "no_clearly_kindly": 35,
      "attend_sacrifice": 14,
      "acknowledge_timeline": 32,
      "ask_extension": 12,
      "cancel_leave": 17,
      "block_wednesday": 15,
      "delegate_oncall": 17,
      "delegate_teammate": 13,
      "escalate_infra": 12,
      "wait_hope": 12,
      "ignore_slack": 16
    }
  },
  "greedy": {
    "mean_reward": 2.498,
    "std_reward": 0.13606721028332186,
    "mean_friday_energy_pct": 81.08,
    "reward_per_episode": [
      2.282,
      2.282,
      2.5820000000000003,
      2.5820000000000003,
      2.5820000000000003,
      2.582,
      2.5820000000000003,
      2.282,
      2.5820000000000003,
      2.5820000000000003,
      2.582,
      2.582,
      2.5820000000000003,
      2.582,
      2.582,
      2.5820000000000003,
      2.282,
      2.5820000000000003,
      2.282,
      2.582,
      2.5820000000000003,
      2.5820000000000003,
      2.5820000000000003,
      2.282,
      2.5820000000000003,
      2.5820000000000003,
      2.282,
      2.582,
      2.5820000000000003,
      2.5820000000000003,
      2.5820000000000003,
      2.5820000000000003,
      2.5820000000000003,
      2.5820000000000003,
      2.582,
      2.282,
      2.282,
      2.582,
      2.5820000000000003,
      2.282,
      2.582,
      2.282,
      2.582,
      2.282,
      2.5820000000000003,
      2.5820000000000003,
      2.5820000000000003,
      2.282,
      2.5820000000000003,
      2.282
    ],
    "friday_energy_per_episode": [
      76,
      78,
      85,
      85,
      85,
      85,
      85,
      72,
      79,
      85,
      72,
      85,
      85,
      85,
      76,
      85,
      85,
      72,
      85,
      76,
      72,
      72,
      85,
      85,
      72,
      85,
      82,
      85,
      85,
      72,
      85,
      85,
      85,
      85,
      82,
      85,
      85,
      85,
      72,
      75,
      85,
      85,
      72,
      72,
      85,
      85,
      75,
      85,
      85,
      85
    ],
    "mean_day_energy": {
      "Monday": 0.79,
      "Tuesday": 0.7774,
      "Wednesday": 0.8148,
      "Thursday": 0.8108,
      "Friday": 0.8108
    },
    "component_means": {
      "boundary_setting": 0.6,
      "communication_quality": 0.35,
      "energy_to_friday": 1.0,
      "relationship_preservation": 0.8556000000000001,
      "technical_resolution": 1.0
    },
    "action_counts": {
      "fix_directly": 50,
      "acknowledge_timeline": 50,
      "ping_sundar": 50,
      "block_wednesday": 50,
      "decline_async": 50,
      "yes_people_pleaser": 50,
      "async_boundary": 50
    }
  },
  "trained_proxy": {
    "mean_reward": 3.034,
    "std_reward": 0.12553558727894407,
    "mean_friday_energy_pct": 100,
    "reward_per_episode": [
      3.1,
      3.0999999999999996,
      3.1,
      3.0999999999999996,
      2.8,
      2.8,
      3.1,
      3.1,
      3.1,
      3.0999999999999996,
      3.1,
      2.8000000000000003,
      3.0999999999999996,
      3.0999999999999996,
      3.1,
      2.8000000000000003,
      3.1,
      2.8,
      3.1,
      3.1,
      3.0999999999999996,
      3.1,
      3.1,
      3.1,
      3.1,
      3.1,
      3.1,
      3.1,
      2.8,
      3.1,
      3.1,
      2.8000000000000003,
      3.1,
      3.1,
      2.8,
      2.8000000000000003,
      3.1,
      3.0999999999999996,
      3.1,
      3.0999999999999996,
      3.1,
      2.8,
      3.1,
      2.8,
      3.1,
      3.0999999999999996,
      3.0999999999999996,
      3.1,
      3.1,
      3.1
    ],
    "friday_energy_per_episode": [
      100,
      100,
      100,
      100,
      100,
      100,
      100,
      100,
      100,
      100,
      100,
      100,
      100,
      100,
      100,
      100,
      100,
      100,
      100,
      100,
      100,
      100,
      100,
      100,
      100,
      100,
      100,
      100,
      100,
      100,
      100,
      100,
      100,
      100,
      100,
      100,
      100,
      100,
      100,
      100,
      100,
      100,
      100,
      100,
      100,
      100,
      100,
      100,
      100,
      100
    ],
    "mean_day_energy": {
      "Monday": 0.79,
      "Tuesday": 0.9354,
      "Wednesday": 0.9994,
      "Thursday": 1.0,
      "Friday": 1.0
    },
    "component_means": {
      "boundary_setting": 1.0,
      "communication_quality": 0.4928571428571429,
      "energy_to_friday": 1.0,
      "relationship_preservation": 0.85,
      "technical_resolution": 1.0
    },
    "action_counts": {
      "fix_directly": 50,
      "no_clearly_kindly": 50,
      "block_wednesday": 50,
      "decline_async": 50,
      "ping_sundar": 50,
      "acknowledge_timeline": 50,
      "async_boundary": 50
    }
  },
  "note": "All values are computed from rollout logs (no template values)."
}