{
  "episodes": 6,
  "random": {
    "mean_reward": 0.76005,
    "std_reward": 0.3772852435492276,
    "mean_friday_energy_pct": 63.666666666666664,
    "reward_per_episode": [
      0.3469,
      1.1242,
      1.3253,
      0.5850000000000001,
      0.5951,
      0.5838
    ],
    "friday_energy_per_episode": [
      52,
      98,
      100,
      56,
      35,
      41
    ],
    "mean_day_energy": {
      "Monday": 0.7966666666666667,
      "Tuesday": 0.7683333333333333,
      "Wednesday": 0.74,
      "Thursday": 0.6366666666666667,
      "Friday": 0.6366666666666667
    },
    "component_means": {
      "boundary_setting": 0.2583333333333333,
      "communication_quality": 0.36071428571428565,
      "energy_to_friday": 0.6366666666666667,
      "relationship_preservation": 0.8308666666666668,
      "technical_resolution": 0.75
    },
    "action_counts": {
      "escalate_infra": 2,
      "ask_extension": 3,
      "acknowledge_timeline": 4,
      "wait_hope": 3,
      "yes_people_pleaser": 3,
      "ignore_slack": 3,
      "decline_async": 2,
      "fix_directly": 4,
      "block_wednesday": 3,
      "ping_sundar": 2,
      "no_clearly_kindly": 3,
      "delegate_teammate": 3,
      "cc_manager": 2,
      "async_boundary": 3,
      "attend_sacrifice": 1,
      "cancel_leave": 1
    }
  },
  "greedy": {
    "mean_reward": 0.9440333333333333,
    "std_reward": 0.012863384728238014,
    "mean_friday_energy_pct": 80.16666666666667,
    "reward_per_episode": [
      0.9277,
      0.9537,
      0.9537,
      0.9477,
      0.9277,
      0.9537
    ],
    "friday_energy_per_episode": [
      72,
      85,
      85,
      82,
      72,
      85
    ],
    "mean_day_energy": {
      "Monday": 0.79,
      "Tuesday": 0.8416666666666667,
      "Wednesday": 0.8783333333333333,
      "Thursday": 0.8016666666666666,
      "Friday": 0.8016666666666666
    },
    "component_means": {
      "boundary_setting": 0.35,
      "communication_quality": 0.35,
      "energy_to_friday": 0.8016666666666667,
      "relationship_preservation": 0.8584,
      "technical_resolution": 1.0
    },
    "action_counts": {
      "fix_directly": 6,
      "decline_async": 6,
      "acknowledge_timeline": 6,
      "block_wednesday": 6,
      "async_boundary": 6,
      "ping_sundar": 6,
      "yes_people_pleaser": 6
    }
  },
  "trained_proxy": {
    "mean_reward": 1.4809999999999999,
    "std_reward": 9.930136612989092e-17,
    "mean_friday_energy_pct": 100,
    "reward_per_episode": [
      1.4809999999999999,
      1.4809999999999999,
      1.481,
      1.4809999999999999,
      1.4809999999999999,
      1.4809999999999999
    ],
    "friday_energy_per_episode": [
      100,
      100,
      100,
      100,
      100,
      100
    ],
    "mean_day_energy": {
      "Monday": 0.79,
      "Tuesday": 0.9316666666666666,
      "Wednesday": 1.0,
      "Thursday": 1.0,
      "Friday": 1.0
    },
    "component_means": {
      "boundary_setting": 0.75,
      "communication_quality": 0.4928571428571429,
      "energy_to_friday": 1.0,
      "relationship_preservation": 0.8500000000000001,
      "technical_resolution": 1.0
    },
    "action_counts": {
      "fix_directly": 6,
      "acknowledge_timeline": 6,
      "block_wednesday": 6,
      "ping_sundar": 6,
      "no_clearly_kindly": 6,
      "async_boundary": 6,
      "decline_async": 6
    }
  },
  "note": "All values are computed from rollout logs (no template values)."
}