{
  "steps": 8,
  "mean_reward": 1.831,
  "final_reward": 2.181,
  "reward_curve": [
    1.4809999999999999,
    1.581,
    1.6809999999999998,
    1.7810000000000001,
    1.8809999999999998,
    1.9809999999999999,
    2.081,
    2.181
  ],
  "loss_curve": [
    0.75,
    0.65,
    0.55,
    0.45,
    0.35,
    0.25,
    0.15,
    0.05
  ],
  "mode": "simulate",
  "speed_preset": "balanced",
  "num_generations": 2,
  "max_completion_length": 128,
  "batch_size": 2,
  "size_preset": "large",
  "model_id": "Qwen/Qwen2.5-7B-Instruct",
  "wandb_enabled": false,
  "hf_logged_in": false
}