{
  "steps": 50,
  "mode": "real",
  "train_rows": 56,
  "output_dir": "checkpoints/final",
  "model_id": "Qwen/Qwen2.5-0.5B-Instruct",
  "load_in_4bit": true,
  "train_runtime_seconds": 535.8788,
  "train_samples_per_second": 0.187,
  "train_steps_per_second": 0.093,
  "loss_curve": [
    0.0,
    0.0,
    0.0,
    0.0,
    0.0,
    0.0,
    0.0,
    0.0,
    0.0,
    0.0
  ],
  "reward_curve": [
    0.3600000083446503,
    0.3800000071525574,
    0.34000000953674314,
    0.3800000071525574,
    0.34000000953674314,
    0.3600000083446503,
    0.4000000059604645,
    0.3800000071525574,
    0.42000000476837157,
    0.3600000083446503
  ],
  "log_history": [
    {
      "loss": 0.0,
      "grad_norm": 1.4299198389053345,
      "learning_rate": 1.8400000000000003e-05,
      "num_tokens": 1984.0,
      "completions/mean_length": 96.0,
      "completions/min_length": 96.0,
      "completions/max_length": 96.0,
      "completions/clipped_ratio": 1.0,
      "completions/mean_terminated_length": 0.0,
      "completions/min_terminated_length": 0.0,
      "completions/max_terminated_length": 0.0,
      "rewards/reward_funcs/mean": 0.3600000083446503,
      "rewards/reward_funcs/std": 0.02828426957130432,
      "reward": 0.3600000083446503,
      "reward_std": 0.02828426957130432,
      "frac_reward_zero_std": 0.8,
      "entropy": 3.3640625,
      "clip_ratio/low_mean": 0.0,
      "clip_ratio/low_min": 0.0,
      "clip_ratio/high_mean": 0.0,
      "clip_ratio/high_max": 0.0,
      "clip_ratio/region_mean": 0.0,
      "epoch": 0.08928571428571429,
      "step": 5
    },
    {
      "loss": 0.0,
      "grad_norm": 0.0,
      "learning_rate": 1.64e-05,
      "num_tokens": 3992.0,
      "completions/mean_length": 96.0,
      "completions/min_length": 96.0,
      "completions/max_length": 96.0,
      "completions/clipped_ratio": 1.0,
      "completions/mean_terminated_length": 0.0,
      "completions/min_terminated_length": 0.0,
      "completions/max_terminated_length": 0.0,
      "rewards/reward_funcs/mean": 0.3800000071525574,
      "rewards/reward_funcs/std": 0.05656853914260864,
      "reward": 0.3800000071525574,
      "reward_std": 0.05656853914260864,
      "frac_reward_zero_std": 0.6,
      "entropy": 3.2328125,
      "clip_ratio/low_mean": 0.0,
      "clip_ratio/low_min": 0.0,
      "clip_ratio/high_mean": 0.0,
      "clip_ratio/high_max": 0.0,
      "clip_ratio/region_mean": 0.0,
      "epoch": 0.17857142857142858,
      "step": 10
    },
    {
      "loss": 0.0,
      "grad_norm": 0.0,
      "learning_rate": 1.4400000000000001e-05,
      "num_tokens": 6008.0,
      "completions/mean_length": 96.0,
      "completions/min_length": 96.0,
      "completions/max_length": 96.0,
      "completions/clipped_ratio": 1.0,
      "completions/mean_terminated_length": 0.0,
      "completions/min_terminated_length": 0.0,
      "completions/max_terminated_length": 0.0,
      "rewards/reward_funcs/mean": 0.34000000953674314,
      "rewards/reward_funcs/std": 0.05656853914260864,
      "reward": 0.34000000953674314,
      "reward_std": 0.05656853914260864,
      "frac_reward_zero_std": 0.6,
      "entropy": 3.248958396911621,
      "clip_ratio/low_mean": 0.0,
      "clip_ratio/low_min": 0.0,
      "clip_ratio/high_mean": 0.0,
      "clip_ratio/high_max": 0.0,
      "clip_ratio/region_mean": 0.0,
      "epoch": 0.26785714285714285,
      "step": 15
    },
    {
      "loss": 0.0,
      "grad_norm": 0.0,
      "learning_rate": 1.2400000000000002e-05,
      "num_tokens": 8018.0,
      "completions/mean_length": 96.0,
      "completions/min_length": 96.0,
      "completions/max_length": 96.0,
      "completions/clipped_ratio": 1.0,
      "completions/mean_terminated_length": 0.0,
      "completions/min_terminated_length": 0.0,
      "completions/max_terminated_length": 0.0,
      "rewards/reward_funcs/mean": 0.3800000071525574,
      "rewards/reward_funcs/std": 0.05656853914260864,
      "reward": 0.3800000071525574,
      "reward_std": 0.05656853914260864,
      "frac_reward_zero_std": 0.6,
      "entropy": 3.1807291984558104,
      "clip_ratio/low_mean": 0.0,
      "clip_ratio/low_min": 0.0,
      "clip_ratio/high_mean": 0.0,
      "clip_ratio/high_max": 0.0,
      "clip_ratio/region_mean": 0.0,
      "epoch": 0.35714285714285715,
      "step": 20
    },
    {
      "loss": 0.0,
      "grad_norm": 1.4610077142715454,
      "learning_rate": 1.04e-05,
      "num_tokens": 10008.0,
      "completions/mean_length": 96.0,
      "completions/min_length": 96.0,
      "completions/max_length": 96.0,
      "completions/clipped_ratio": 1.0,
      "completions/mean_terminated_length": 0.0,
      "completions/min_terminated_length": 0.0,
      "completions/max_terminated_length": 0.0,
      "rewards/reward_funcs/mean": 0.34000000953674314,
      "rewards/reward_funcs/std": 0.05656853914260864,
      "reward": 0.34000000953674314,
      "reward_std": 0.05656853914260864,
      "frac_reward_zero_std": 0.6,
      "entropy": 3.0075520992279055,
      "clip_ratio/low_mean": 0.0,
      "clip_ratio/low_min": 0.0,
      "clip_ratio/high_mean": 0.0,
      "clip_ratio/high_max": 0.0,
      "clip_ratio/region_mean": 0.0,
      "epoch": 0.44642857142857145,
      "step": 25
    },
    {
      "loss": 0.0,
      "grad_norm": 1.396255373954773,
      "learning_rate": 8.400000000000001e-06,
      "num_tokens": 12000.0,
      "completions/mean_length": 96.0,
      "completions/min_length": 96.0,
      "completions/max_length": 96.0,
      "completions/clipped_ratio": 1.0,
      "completions/mean_terminated_length": 0.0,
      "completions/min_terminated_length": 0.0,
      "completions/max_terminated_length": 0.0,
      "rewards/reward_funcs/mean": 0.3600000083446503,
      "rewards/reward_funcs/std": 0.08485280871391296,
      "reward": 0.3600000083446503,
      "reward_std": 0.08485280871391296,
      "frac_reward_zero_std": 0.4,
      "entropy": 3.0572916507720946,
      "clip_ratio/low_mean": 0.0,
      "clip_ratio/low_min": 0.0,
      "clip_ratio/high_mean": 0.0,
      "clip_ratio/high_max": 0.0,
      "clip_ratio/region_mean": 0.0,
      "epoch": 0.5357142857142857,
      "step": 30
    },
    {
      "loss": 0.0,
      "grad_norm": 0.0,
      "learning_rate": 6.4000000000000006e-06,
      "num_tokens": 13982.0,
      "completions/mean_length": 96.0,
      "completions/min_length": 96.0,
      "completions/max_length": 96.0,
      "completions/clipped_ratio": 1.0,
      "completions/mean_terminated_length": 0.0,
      "completions/min_terminated_length": 0.0,
      "completions/max_terminated_length": 0.0,
      "rewards/reward_funcs/mean": 0.4000000059604645,
      "rewards/reward_funcs/std": 0.02828426957130432,
      "reward": 0.4000000059604645,
      "reward_std": 0.02828426957130432,
      "frac_reward_zero_std": 0.8,
      "entropy": 2.986197900772095,
      "clip_ratio/low_mean": 0.0,
      "clip_ratio/low_min": 0.0,
      "clip_ratio/high_mean": 0.0,
      "clip_ratio/high_max": 0.0,
      "clip_ratio/region_mean": 0.0,
      "epoch": 0.625,
      "step": 35
    },
    {
      "loss": 0.0,
      "grad_norm": 0.0,
      "learning_rate": 4.4e-06,
      "num_tokens": 16004.0,
      "completions/mean_length": 96.0,
      "completions/min_length": 96.0,
      "completions/max_length": 96.0,
      "completions/clipped_ratio": 1.0,
      "completions/mean_terminated_length": 0.0,
      "completions/min_terminated_length": 0.0,
      "completions/max_terminated_length": 0.0,
      "rewards/reward_funcs/mean": 0.3800000071525574,
      "rewards/reward_funcs/std": 0.05656853914260864,
      "reward": 0.3800000071525574,
      "reward_std": 0.05656853914260864,
      "frac_reward_zero_std": 0.6,
      "entropy": 3.2932291507720945,
      "clip_ratio/low_mean": 0.0,
      "clip_ratio/low_min": 0.0,
      "clip_ratio/high_mean": 0.0,
      "clip_ratio/high_max": 0.0,
      "clip_ratio/region_mean": 0.0,
      "epoch": 0.7142857142857143,
      "step": 40
    },
    {
      "loss": 0.0,